01.01.2014;Nein;1;0;Standardbrief;0,6;Standardbrief;0,6;keine;0;;;;;140;90;0;235;125;5;0;20;0;0;1;1;1;1;1;1;;102100001;;;;;;;;;Die Länge muss mind.  das  1,4fache der Breite betragen;0,60 Euro nach UStG Umsatzsteuerfrei. Für Briefe, Schriftstücke und kleinere Gegenstände bis 20 g. Die Länge muss mind. das 1,4 fache der Breite betragen.;http://www.deutschepost.de/brief_produkt
01.01.2006;Nein;11;0;Kompaktbrief;0,9;Kompaktbrief;0,9;keine;0;;;;;100;70;0;235;125;10;0;50;0;0;1;1;1;1;1;1;;102200001;;;;;;;;;Die Länge muss mind.  das  1,4fache der Breite betragen;0,90 Euro nach UStG Umsatzsteuerfrei. Für Briefe, Schriftstücke und kleinere Gegenstände bis 50 g. Die Länge muss mind. das 1,4 fache der Breite betragen;http://www.deutschepost.de/brief_produkt
01.01.2006;Nein;21;0;Großbrief;1,45;Großbrief;1,45;keine;0;;;;;100;70;0;353;250;20;0;500;0;0;1;1;1;1;1;1;;102300001;;;;;;;;;;1,45 Euro nach UStG Umsatzsteuerfrei. Für Briefe, Schriftstücke und kleinere Gegenstände bis 500 g;http://www.deutschepost.de/brief_produkt
01.01.2013;Nein;31;0;Maxibrief;2,4;Maxibrief;2,4;keine;0;;;;;100;70;0;353;250;50;0;1000;0;0;1;1;1;1;1;1;;102400001;;;;;;;;;;2,40 Euro nach UStG Umsatzsteuerfrei. Für Briefe, Schriftstücke und kleinere Gegenstände bis 1000 g.;http://www.deutschepost.de/brief_produkt
01.01.2013;Nein;41;0;Maxibrief Zusatzentgelt MBf;4,6;Maxibrief;2,4;Zusatzentgelt MBf;2,2;;;;;100;70;0;600;300;150;0;2000;0;0;1;1;1;0;1;1;;102400001;1296;;;;;;;;oder Höchstmaße: L+B+H max 900 mm, dabei keine Seite länger als 600 mm;4,60 Euro nach UStG Umsatzsteuerfrei. Ein Maxibrief bis 2000 g mit einem Überformat.;http://www.deutschepost.de/brief_produkt
01.01.2003;Nein;51;0;Postkarte;0,45;Postkarte;0,45;keine;0;;;;;140;90;0;235;125;2;1;15;0;0;1;1;1;1;1;1;;102500001;;;;;;;;;Flächengewicht bis 500 g/m2, mind. 150 g/m2,  die Länge muss mind. das 1,4fache der Breite betragen ;0,45 Euro nach UStG Umsatzsteuerfrei. Die Länge der Postkarte muss mind. das 1,4 fache der Breite betragen.;http://www.deutschepost.de/brief_produkt
16.03.2010;Nein;78;0;Büchersendung Groß;1;Büchersendung Groß;1;keine;0;BÜCHERSENDUNG;;;;100;70;0;353;300;150;0;500;0;0;1;1;1;1;1;1;;103500001;;;;;;;;BücherSdg;;1,00 Euro nach UStG Umsatzsteuerfrei. Bücher, Broschüren, Notenblätter, Landk., bis 500g, 35,3x30x15 cm. Zustellung bis 4 Werkt., „Offener“ Versand. Keine geschäftl. Zwecke;http://www.deutschepost.de/buechersendung
16.03.2010;Nein;79;0;Büchersendung Maxi;1,65;Büchersendung Maxi;1,65;keine;0;BÜCHERSENDUNG;;;;100;70;0;353;300;150;0;1000;0;0;1;1;1;1;1;1;;103600001;;;;;;;;BücherSdg;;1,65 Euro nach UStG Umsatzsteuerfrei. Bücher, Broschüren, Notenblätter, Landk., bis 1000g, 35,3x30x15 cm. Zustellung bis 4 Werkt., „Offener“ Versand. Keine geschäftl. Zwecke;http://www.deutschepost.de/buechersendung
16.03.2010;Nein;81;0;Warensendung Kompakt;0,9;Warensendung Kompakt;0,9;keine;0;WARENSENDUNG;;;;100;70;0;353;300;150;0;50;0;0;1;1;1;1;1;1;;102800001;;;;;;;;WarenSdg;;0,90 Euro nach UStG Umsatzsteuerfrei. Warenversand bis 50g, 35,3x30x15 cm. Zustellung bis 4 Werktage. „Offener“ Versand. Keine brieflichen Mitteilungen;http://www.deutschepost.de/warensendung
16.03.2010;Nein;82;0;Warensendung Maxi;1,9;Warensendung Maxi;1,9;keine;0;WARENSENDUNG;;;;100;70;0;353;300;150;0;500;0;0;1;1;1;1;1;1;;103000001;;;;;;;;WarenSdg;;1,90 Euro nach UStG Umsatzsteuerfrei. Warenversand bis 500g, 35,3x30x15 cm. Zustellung bis 4 Werktage. „Offener“ Versand. Keine brieflichen Mitteilungen;http://www.deutschepost.de/warensendung
01.07.2012;Nein;111;0;Infopost/Katalog Standard;0,25;Infopost/Katalog Standard;0,25;keine;0;INFOPOST;;;;140;90;0;235;125;5;0;20;0;0;0;0;0;0;1;0;;140100001;;;;;;;;Infopost;;0,25 Euro zzgl. gesetzl. USt. Die Umsatzsteuer für das Porto INFOPOST wird erst bei der Einlieferung zur Zahlung fällig. Als Infopost/Katalog Standard können Sie schriftliche Mitteilungen und Unterlagen oder Datenträger bis 20 g versenden.;http://www.deutschepost.de/infopost
01.01.2014;Ja;1002;0;Standardbrief Einschreiben Einwurf;2,4;Standardbrief;0,6;EINSCHREIBEN EINWURF;1,8;;EINSCHREIBEN ;EINWURF;R;140;90;0;235;125;5;0;20;0;0;1;0;1;0;1;1;;102100001;1067;;;;;;;;Die Länge muss mind.  das  1,4fache der Breite betragen;2,40 Euro nach UStG Umsatzsteuerfrei. Ein Standardbrief bis 20g, Zustellnachweis durch Postmitarbeiter , Sendungsverfolgung per T&T, Haftung bis 20 €, Einlieferung über die Filialen der Deutschen Post;http://www.deutschepost.de/einschreiben
01.01.2014;Ja;1007;0;Standardbrief Einschreiben;2,75;Standardbrief;0,6;EINSCHREIBEN;2,15;;EINSCHREIBEN ;;R;140;90;0;235;125;5;0;20;0;0;1;0;1;0;1;1;;102100001;1013;;;;;;;;Die Länge muss mind.  das  1,4fache der Breite betragen;2,75 Euro nach UStG Umsatzsteuerfrei. Ein Standardbrief bis 20g, Zustellnachweis durch Postmitarbeiter , Sendungsverfolgung per T&T, Haftung bis 20 €, Einlieferung über die Filialen der Deutschen Post;http://www.deutschepost.de/einschreiben
01.01.2014;Ja;1009;0;Standardbrief Einsch+Eigh;4,55;Standardbrief;0,6;EINSCHREIBEN + EIGENHÄNDIG;3,95;;EINSCHREIBEN;EIGENHÄNDIG;R;140;90;0;235;125;5;0;20;0;0;1;0;1;0;1;1;;102100001;1013;1014;;;;;;;Die Länge muss mind.  das  1,4fache der Breite betragen;4,55 Euro nach UStG Umsatzsteuerfrei. Ein Standardbrief bis 20g, Zustellnachweis durch Postmitarbeiter , Sendungsverfolgung per T&T, Haftung bis 20 €, Einlieferung über die Filialen der Deutschen Post;http://www.deutschepost.de/einschreiben
01.01.2014;Ja;1012;0;Kompaktbrief Einschreiben Einwurf;2,7;Kompaktbrief;0,9;EINSCHREIBEN EINWURF;1,8;;EINSCHREIBEN ;EINWURF;R;100;70;0;235;125;10;0;50;0;0;1;0;1;0;1;1;;102200001;1067;;;;;;;;Die Länge muss mind.  das  1,4fache der Breite betragen;2,70 Euro nach UStG Umsatzsteuerfrei. Ein Kompaktbrief bis 50g, Zustellnachweis durch Postmitarbeiter, Sendungsverfolgung per T&T, Haftung bis 20 €, Einlieferung über die Filialen der Deutschen Post;http://www.deutschepost.de/einschreiben
01.01.2014;Ja;1017;0;Kompaktbrief Einschreiben;3,05;Kompaktbrief;0,9;EINSCHREIBEN;2,15;;EINSCHREIBEN ;;R;100;70;0;235;125;10;0;50;0;0;1;0;1;0;1;1;;102200001;1013;;;;;;;;Die Länge muss mind.  das  1,4fache der Breite betragen;3,05 Euro nach UStG Umsatzsteuerfrei. Ein Kompaktbrief bis 50g, Zustellnachweis durch Postmitarbeiter, Sendungsverfolgung per T&T, Haftung bis 20 €, Einlieferung über die Filialen der Deutschen Post;http://www.deutschepost.de/einschreiben
01.01.2014;Ja;1019;0;Kompaktbrief Einsch+Eigh;4,85;Kompaktbrief;0,9;EINSCHREIBEN + EIGENHÄNDIG;3,95;;EINSCHREIBEN;EIGENHÄNDIG;R;100;70;0;235;125;10;0;50;0;0;1;0;1;0;1;1;;102200001;1013;1014;;;;;;;Die Länge muss mind.  das  1,4fache der Breite betragen;4,85 Euro nach UStG Umsatzsteuerfrei. Ein Kompaktbrief bis 50g, Zustellnachweis durch Postmitarbeiter, Sendungsverfolgung per T&T, Haftung bis 20 €, Einlieferung über die Filialen der Deutschen Post;http://www.deutschepost.de/einschreiben
01.01.2014;Ja;1022;0;Großbrief Einschreiben Einwurf;3,25;Großbrief;1,45;EINSCHREIBEN EINWURF;1,8;;EINSCHREIBEN ;EINWURF;R;100;70;0;353;250;20;0;500;0;0;1;0;1;0;1;1;;102300001;1067;;;;;;;;;3,25 Euro nach UStG Umsatzsteuerfrei. Ein Großbrief bis 500g, Zustellnachweis durch Postmitarbeiter, Sendungsverfolgung per T&T, Haftung bis 20 €, Einlieferung über die Filialen der Deutschen Post;http://www.deutschepost.de/einschreiben
01.01.2014;Ja;1027;0;Großbrief Einschreiben;3,6;Großbrief;1,45;EINSCHREIBEN;2,15;;EINSCHREIBEN ;;R;100;70;0;353;250;20;0;500;0;0;1;0;1;0;1;1;;102300001;1013;;;;;;;;;3,60 Euro nach UStG Umsatzsteuerfrei. Ein Großbrief bis 500g, Zustellnachweis durch Postmitarbeiter, Sendungsverfolgung per T&T, Haftung bis 20 €, Einlieferung über die Filialen der Deutschen Post;http://www.deutschepost.de/einschreiben
01.01.2014;Ja;1029;0;Großbrief Einsch+Eigh;5,4;Großbrief;1,45;EINSCHREIBEN + EIGENHÄNDIG;3,95;;EINSCHREIBEN;EIGENHÄNDIG;R;100;70;0;353;250;20;0;500;0;0;1;0;1;0;1;1;;102300001;1013;1014;;;;;;;;5,40 Euro nach UStG Umsatzsteuerfrei. Ein Großbrief bis 500g, Zustellnachweis durch Postmitarbeiter, Sendungsverfolgung per T&T, Haftung bis 20 €, Einlieferung über die Filialen der Deutschen Post;http://www.deutschepost.de/einschreiben
01.01.2014;Ja;1032;0;Maxibrief Einschreiben Einwurf;4,2;Maxibrief;2,4;EINSCHREIBEN EINWURF;1,8;;EINSCHREIBEN ;EINWURF;R;100;70;0;353;250;50;0;1000;0;0;1;0;1;0;1;1;;102400001;1067;;;;;;;;;4,20 Euro nach UStG Umsatzsteuerfrei. Ein Maxibrief bis 1000g, Zustellnachweis durch Postmitarbeiter, Sendungsverfolgung per T&T, Haftung bis 20 €, Einlieferung über die Filialen der Deutschen Post;http://www.deutschepost.de/einschreiben
01.01.2014;Ja;1037;0;Maxibrief Einschreiben;4,55;Maxibrief;2,4;EINSCHREIBEN;2,15;;EINSCHREIBEN ;;R;100;70;0;353;250;50;0;1000;0;0;1;0;1;0;1;1;;102400001;1013;;;;;;;;;4,55 Euro nach UStG Umsatzsteuerfrei. Ein Maxibrief bis 1000g, Zustellnachweis durch Postmitarbeiter, Sendungsverfolgung per T&T, Haftung bis 20 €, Einlieferung über die Filialen der Deutschen Post;http://www.deutschepost.de/einschreiben
01.01.2014;Ja;1039;0;Maxibrief Einsch+Eigh;6,35;Maxibrief;2,4;EINSCHREIBEN + EIGENHÄNDIG;3,95;;EINSCHREIBEN;EIGENHÄNDIG;R;100;70;0;353;250;50;0;1000;0;0;1;0;1;0;1;1;;102400001;1013;1014;;;;;;;;6,35 Euro nach UStG Umsatzsteuerfrei. Ein Maxibrief bis 1000g, Zustellnachweis durch Postmitarbeiter, Sendungsverfolgung per T&T, Haftung bis 20 €, Einlieferung über die Filialen der Deutschen Post;http://www.deutschepost.de/einschreiben
01.01.2014;Ja;1042;0;Maxibrief Einschreiben Einwurf + Zusatzentgelt MBf;6,4;Maxibrief;2,4;EINSCHREIBEN EINWURF + Zusatzentgelt MBf;4;;EINSCHREIBEN ;EINWURF;R;100;70;0;600;300;150;0;2000;0;0;1;0;1;0;1;1;;102400001;1067;1296;;;;;;;oder Höchstmaße: L+B+H max 900 mm, dabei keine Seite länger als 600 mm;6,40 Euro nach UStG Umsatzsteuerfrei. Ein Maxibrief bis 2000g mit einem Überformat, Zustellnachweis durch Postmitarbeiter, Sendungsverfolgung per T&T, Haftung bis 20 €, Einlieferung über die Filialen der Deutschen Post;http://www.deutschepost.de/einschreiben
01.01.2014;Ja;1047;0;Maxibrief Einschreiben + Zusatzentgelt MBf;6,75;Maxibrief;2,4;EINSCHREIBEN + Zusatzentgelt MBf;4,35;;EINSCHREIBEN ;;R;100;70;0;600;300;150;0;2000;0;0;1;0;1;0;1;1;;102400001;1013;1296;;;;;;;oder Höchstmaße: L+B+H max 900 mm, dabei keine Seite länger als 600 mm;6,75 Euro nach UStG Umsatzsteuerfrei. Ein Maxibrief bis 2000g mit einem Überformat, Zustellnachweis durch Postmitarbeiter, Sendungsverfolgung per T&T, Haftung bis 20 €, Einlieferung über die Filialen der Deutschen Post;http://www.deutschepost.de/einschreiben
01.01.2014;Ja;1049;0;Maxibrief Einsch+Eigh + Zusatzentgelt MBf;8,55;Maxibrief;2,4;EINSCHREIBEN + EIGENHÄNDIG + Zusatzentgelt MBf;6,15;;EINSCHREIBEN;EIGENHÄNDIG;R;100;70;0;600;300;150;0;2000;0;0;1;0;1;0;1;1;;102400001;1013;1014;1296;;;;;;oder Höchstmaße: L+B+H max 900 mm, dabei keine Seite länger als 600 mm;8,55 Euro nach UStG Umsatzsteuerfrei. Ein Maxibrief bis 2000g mit einem Überformat, Zustellnachweis durch Postmitarbeiter, Sendungsverfolgung per T&T, Haftung bis 20 €, Einlieferung über die Filialen der Deutschen Post;http://www.deutschepost.de/einschreiben
01.01.2014;Ja;1052;0;Postkarte Einschreiben Einwurf;2,25;Postkarte;0,45;EINSCHREIBEN EINWURF;1,8;;EINSCHREIBEN ;EINWURF;R;140;90;0;235;125;2;1;15;0;0;1;0;1;0;1;1;;102500001;1067;;;;;;;;Flächengewicht bis 500 g/m2, mind. 150 g/m2,  die Länge muss mind. das 1,4fache der Breite betragen ;2,25 Euro nach UStG Umsatzsteuerfrei. Eine Postkarte, Zustellnachweis durch Postmitarbeiter , Sendungsverfolgung per T&T, Haftung bis 20 €, Einlieferung über die Filialen der Deutschen Post;http://www.deutschepost.de/einschreiben
01.01.2014;Ja;1057;0;Postkarte Einschreiben;2,6;Postkarte;0,45;EINSCHREIBEN;2,15;;EINSCHREIBEN ;;R;140;90;0;235;125;2;1;15;0;0;1;0;1;0;1;1;;102500001;1013;;;;;;;;Flächengewicht bis 500 g/m2, mind. 150 g/m2,  die Länge muss mind. das 1,4fache der Breite betragen ;2,60 Euro nach UStG Umsatzsteuerfrei. Eine Postkarte, Zustellnachweis durch Postmitarbeiter , Sendungsverfolgung per T&T, Haftung bis 20 €, Einlieferung über die Filialen der Deutschen Post;http://www.deutschepost.de/einschreiben
01.01.2014;Ja;1059;0;Postkarte Einsch+Eigh;4,4;Postkarte;0,45;EINSCHREIBEN + EIGENHÄNDIG;3,95;;EINSCHREIBEN;EIGENHÄNDIG;R;140;90;0;235;125;2;1;15;0;0;1;0;1;0;1;1;;102500001;1013;1014;;;;;;;Flächengewicht bis 500 g/m2, mind. 150 g/m2,  die Länge muss mind. das 1,4fache der Breite betragen ;4,40 Euro nach UStG Umsatzsteuerfrei. Eine Postkarte, Zustellnachweis durch Postmitarbeiter , Sendungsverfolgung per T&T, Haftung bis 20 €, Einlieferung über die Filialen der Deutschen Post;http://www.deutschepost.de/einschreiben
01.01.2011;Nein;10001;1;Standardbrief Intern.;0,75;Standardbrief Intern.;0,75;keine;0;PRIORITY;;;;140;90;0;235;125;5;0;20;0;0;1;1;1;1;1;1;;208900001;;;;;;;;PRIORITY;Die Länge muss mind.  das  1,4fache der Breite betragen;0,75 Euro nach UStG Umsatzsteuerfrei. Für Briefe, Schriftstücke und kleinere Gegenstände bis 20 g. Die Länge muss mind. das 1,4 fache der Breite betragen;http://www.deutschepost.de/brief_international
01.01.2011;Nein;10011;1;Kompaktbrief Intern.;1,5;Kompaktbrief Intern.;1,5;keine;0;PRIORITY;;;;140;90;0;235;125;10;0;50;0;0;1;1;1;1;1;1;;209000001;;;;;;;;PRIORITY;Die Länge muss mind.  das  1,4fache der Breite betragen;1,50 Euro nach UStG Umsatzsteuerfrei. Für Briefe, Schriftstücke und kleinere Gegenstände bis 50 g. Die Länge muss mind. das 1,4 fache der Breite betragen;http://www.deutschepost.de/brief_international
01.01.2011;Nein;10051;1;Großbrief Intern.;3,45;Großbrief Intern.;3,45;keine;0;PRIORITY;;;;140;90;0;600;600;600;0;500;0;0;1;1;1;1;1;1;;209100500;;;;;;;;PRIORITY;Höchstmaße: L+B+H max 900 mm, dabei keine Seite länger als 600 mm;3,45 Euro nach UStG Umsatzsteuerfrei. Für Briefe, Schriftstücke und kleinere Gegenstände bis 500 g. Keine Seite länger als 600 mm;http://www.deutschepost.de/brief_international
01.01.2011;Nein;10071;1;Maxibrief Intern. bis 1.000g ;7;Maxibrief Intern. bis 1.000g;7;keine;0;PRIORITY;;;;140;90;0;600;600;600;501;1000;0;0;1;1;1;1;1;1;;209101000;;;;;;;;PRIORITY;Höchstmaße: L+B+H max 900 mm, dabei keine Seite länger als 600 mm;7,00 Euro nach UStG Umsatzsteuerfrei. Für Briefe, Schriftstücke und kleinere Gegenstände bis 1000 g. Keine Seite länger als 600 mm;http://www.deutschepost.de/brief_international
01.01.2011;Nein;10091;1;Maxibrief Intern. bis 2.000g ;17;Maxibrief Intern. bis 2.000g;17;keine;0;PRIORITY;;;;140;90;0;600;600;600;1001;2000;0;0;1;1;1;0;1;1;;209102000;;;;;;;;PRIORITY;Höchstmaße: L+B+H max 900 mm, dabei keine Seite länger als 600 mm;17,00 Euro nach UStG Umsatzsteuerfrei. Für Briefe, Schriftstücke und kleinere Gegenstände bis 2000 g. Keine Seite länger als 600 mm;http://www.deutschepost.de/brief_international
01.01.2011;Nein;10201;1;Postkarte Intern.;0,75;Postkarte Intern.;0,75;keine;0;PRIORITY;;;;140;90;0;235;125;2;1;15;0;0;1;1;1;0;1;1;;209400001;;;;;;;;PRIORITY;Flächengewicht bis 500 g/m2, mind. 150 g/m2,  die Länge muss mind. das 1,4fache der Breite betragen ;0,75 Euro nach UStG Umsatzsteuerfrei. Die Länge der Postkarte muss mind. das 1,4 fache der Breite betragen.;http://www.deutschepost.de/brief_international
01.01.2014;Ja;11006;1;Standardbrief Intern. Einschreiben;2,9;Standardbrief Intern.;0,75;EINSCHREIBEN;2,15;PRIORITY;;;;140;90;0;235;125;5;0;20;0;0;1;1;1;0;1;1;;208900001;1150;;;;;;;PRIORITY;Die Länge muss mind.  das  1,4fache der Breite betragen;2,90 Euro nach UStG Umsatzsteuerfrei. Ein Standardbrief INTERNATIONAL bis 20g, nachgewiesene Übergabe an Empfänger, Sendungsverfolgung per T&T, Haftung, Einlieferung über die Filialen der Deutschen Post;http://www.deutschepost.de/einschreiben_international
01.01.2014;Ja;11016;1;Kompaktbrief Intern. Einschreiben;3,65;Kompaktbrief Intern.;1,5;EINSCHREIBEN;2,15;PRIORITY;;;;140;90;0;235;125;10;0;50;0;0;1;1;1;0;1;1;;209000001;1150;;;;;;;PRIORITY;Die Länge muss mind.  das  1,4fache der Breite betragen;3,65 Euro nach UStG Umsatzsteuerfrei. Ein Kompaktbrief INTERNATIONAL bis 50g, nachgewiesene Übergabe an Empfänger, Sendungsverfolgung per T&T, Haftung, Einlieferung über die Filialen der Deutschen Post;http://www.deutschepost.de/einschreiben_international
01.01.2014;Ja;11056;1;Großbrief Intern. Einschreiben;5,6;Großbrief Intern.;3,45;EINSCHREIBEN;2,15;PRIORITY;;;;140;90;0;600;600;600;0;500;0;0;1;1;1;0;1;1;;209100500;1150;;;;;;;PRIORITY;Höchstmaße: L+B+H max 900 mm, dabei keine Seite länger als 600 mm;5,60 Euro nach UStG Umsatzsteuerfrei. Ein Großbrief INTERNATIONAL bis 500g, nachgewiesene Übergabe an Empfänger, Sendungsverfolgung per T&T, Haftung, Einlieferung über die Filialen der Deutschen Post;http://www.deutschepost.de/einschreiben_international
01.01.2014;Ja;11076;1;Maxibrief Intern. bis 1.000g  Einschreiben;9,15;Maxibrief Intern. bis 1.000g;7;EINSCHREIBEN;2,15;PRIORITY;;;;140;90;0;600;600;600;501;1000;0;0;1;1;1;0;1;1;;209101000;1150;;;;;;;PRIORITY;Höchstmaße: L+B+H max 900 mm, dabei keine Seite länger als 600 mm;9,15 Euro nach UStG Umsatzsteuerfrei. Ein Maxibrief INTERNATIONAL bis 1000g, nachgewiesene Übergabe an  Empfänger, Sendungsverfolgung per T&T, Haftung, Einlieferung über die Filialen der Deutschen Post;http://www.deutschepost.de/einschreiben_international
01.01.2014;Ja;11096;1;Maxibrief Intern. bis 2.000g  Einschreiben;19,15;Maxibrief Intern. bis 2.000g;17;EINSCHREIBEN;2,15;PRIORITY;;;;140;90;0;600;600;600;1001;2000;0;0;1;1;1;0;1;1;;209102000;1150;;;;;;;PRIORITY;Höchstmaße: L+B+H max 900 mm, dabei keine Seite länger als 600 mm;19,15 Euro nach UStG Umsatzsteuerfrei. Ein Maxibrief INTERNATIONAL bis 2000g, nachgewiesene Übergabe an  Empfänger, Sendungsverfolgung per T&T, Haftung, Einlieferung über die Filialen der Deutschen Post;http://www.deutschepost.de/einschreiben_international
01.01.2014;Ja;11202;1;Postkarte Intern. Einschreiben;2,9;Postkarte Intern.;0,75;EINSCHREIBEN;2,15;PRIORITY;;;;140;90;0;235;125;2;1;15;0;0;1;1;1;0;1;1;;209400001;1150;;;;;;;PRIORITY;Flächengewicht bis 500 g/m2, mind. 150 g/m2,  die Länge muss mind. das 1,4fache der Breite betragen ;2,90 Euro nach UStG Umsatzsteuerfrei. Eine Postkarte INTERNATIONAL, nachgewiesene Übergabe an Empfänger, Sendungsverfolgung per T&T, Haftung, Einlieferung über die Filialen der Deutschen Post;http://www.deutschepost.de/einschreiben_international
01.01.2011;Nein;30092;1;Presse&Buch Eco 500g;3;Presse&Buch Eco 500g;3;keine;0;;;;;140;90;0;600;600;600;51;500;0;0;1;1;1;0;1;1;;109900500;;;;;;;;Presse & Buch International;oder Höchstmaße: L+B+H max 900 mm, dabei keine Seite länger als 600 mm;3,00 Euro nach UStG Umsatzsteuerfrei. Mit Presse&Buch Eco 500g versenden Sie Zeitungen, Zeitschriften und Büchersendungen. ;http://www.deutschepost.de/presse_international
01.01.2014;Nein;30097;1;Presse&Buch Eco 500g Einschreiben;5,15;Presse&Buch Eco 500g;3;EINSCHREIBEN;2,15;;;;;140;90;0;600;600;600;51;500;0;0;1;1;1;0;1;1;;109900500;1095;;;;;;;Presse & Buch International;oder Höchstmaße: L+B+H max 900 mm, dabei keine Seite länger als 600 mm;5,15 Euro nach UStG Umsatzsteuerfrei. Presse&Buch Eco 500g, nachgewiesene Übergabe an Empfänger, Sendungsverfolgung per T&T, Haftung, Einlieferung über die Filialen der Deutschen Post;http://www.deutschepost.de/einschreiben_international
01.01.2011;Nein;30112;1;Presse&Buch Eco 1000g;5,5;Presse&Buch Eco 1000g;5,5;keine;0;;;;;140;90;0;600;600;600;501;1000;0;0;1;1;1;0;1;1;;109901000;;;;;;;;Presse & Buch International;oder Höchstmaße: L+B+H max 900 mm, dabei keine Seite länger als 600 mm;5,50 Euro nach UStG Umsatzsteuerfrei. Mit Presse&Buch Eco 1000g versenden Sie Zeitungen, Zeitschriften und Büchersendungen. ;http://www.deutschepost.de/presse_international
01.01.2014;Nein;30117;1;Presse&Buch Eco 1000g Einschreiben;7,65;Presse&Buch Eco 1000g;5,5;EINSCHREIBEN;2,15;;;;;140;90;0;600;600;600;501;1000;0;0;1;1;1;0;1;1;;109901000;1095;;;;;;;Presse & Buch International;oder Höchstmaße: L+B+H max 900 mm, dabei keine Seite länger als 600 mm;7,65 Euro nach UStG Umsatzsteuerfrei. Presse&Buch Eco 1000g, nachgewiesene Übergabe an Empfänger, Sendungsverfolgung per T&T, Haftung, Einlieferung über die Filialen der Deutschen Post;http://www.deutschepost.de/einschreiben_international
01.01.2011;Nein;30132;1;Presse&Buch Eco 2000g;11;Presse&Buch Eco 2000g;11;keine;0;;;;;140;90;0;600;600;600;1001;2000;0;0;1;1;1;0;1;1;;109902000;;;;;;;;Presse & Buch International;oder Höchstmaße: L+B+H max 900 mm, dabei keine Seite länger als 600 mm;11,00 Euro nach UStG Umsatzsteuerfrei. Mit Presse&Buch Eco 2000g versenden Sie Zeitungen, Zeitschriften und Büchersendungen. ;http://www.deutschepost.de/presse_international
01.01.2014;Nein;30137;1;Presse&Buch Eco 2000g Einschreiben;13,15;Presse&Buch Eco 2000g;11;EINSCHREIBEN;2,15;;;;;140;90;0;600;600;600;1001;2000;0;0;1;1;1;0;1;1;;109902000;1095;;;;;;;Presse & Buch International;oder Höchstmaße: L+B+H max 900 mm, dabei keine Seite länger als 600 mm;13,15 Euro nach UStG Umsatzsteuerfrei. Presse&Buch Eco 2000g, nachgewiesene Übergabe an Empfänger, Sendungsverfolgung per T&T, Haftung, Einlieferung über die Filialen der Deutschen Post;http://www.deutschepost.de/einschreiben_international
01.01.2011;Nein;30202;1;Presse&Buch Prio 500g;3,45;Presse&Buch Prio 500g;3,45;keine;0;PRIORITY;;;;140;90;0;600;600;600;51;500;0;0;1;1;1;0;1;1;;181800500;;;;;;;;Presse & Buch International Priority;oder Höchstmaße: L+B+H max 900 mm, dabei keine Seite länger als 600 mm;3,45 Euro nach UStG Umsatzsteuerfrei. Mit Presse&Buch Prio 500g versenden Sie Zeitungen, Zeitschriften und Büchersendungen. Bitte beachten Sie die Kennzeichnungspflicht der Sendung. ;http://www.deutschepost.de/presse_international
01.01.2014;Nein;30207;1;Presse&Buch Prio 500g Einschreiben;5,6;Presse&Buch Prio 500g;3,45;EINSCHREIBEN;2,15;PRIORITY;;;;140;90;0;600;600;600;51;500;0;0;1;1;1;0;1;1;;181800500;1095;;;;;;;Presse & Buch International Priority;oder Höchstmaße: L+B+H max 900 mm, dabei keine Seite länger als 600 mm;5,60 Euro nach UStG Umsatzsteuerfrei. Presse&Buch Prio 500g, nachgewiesene Übergabe an Empfänger, Sendungsverfolgung per T&T, Haftung, Einlieferung über die Filialen der Deutschen Post. Bitte beachten Sie die Kennzeichnungspflicht der Sendung. ;http://www.deutschepost.de/einschreiben_international
01.01.2011;Nein;30222;1;Presse&Buch Prio 1000g;7;Presse&Buch Prio 1000g;7;keine;0;PRIORITY;;;;140;90;0;600;600;600;501;1000;0;0;1;1;1;0;1;1;;181801000;;;;;;;;Presse & Buch International Priority;oder Höchstmaße: L+B+H max 900 mm, dabei keine Seite länger als 600 mm;7,00 Euro nach UStG Umsatzsteuerfrei. Mit Presse&Buch Prio 1000g versenden Sie Zeitungen, Zeitschriften und Büchersendungen. Bitte beachten Sie die Kennzeichnungspflicht der Sendung. ;http://www.deutschepost.de/presse_international
01.01.2014;Nein;30227;1;Presse&Buch Prio 1000g Einschreiben;9,15;Presse&Buch Prio 1000g;7;EINSCHREIBEN;2,15;PRIORITY;;;;140;90;0;600;600;600;501;1000;0;0;1;1;1;0;1;1;;181801000;1095;;;;;;;Presse & Buch International Priority;oder Höchstmaße: L+B+H max 900 mm, dabei keine Seite länger als 600 mm;9,15 Euro nach UStG Umsatzsteuerfrei. Presse&Buch Prio 1000g, nachgewiesene Übergabe an Empfänger, Sendungsverfolgung per T&T, Haftung, Einlieferung über die Filialen der Deutschen Post. Bitte beachten Sie die Kennzeichnungspflicht der Sendung. ;http://www.deutschepost.de/einschreiben_international
01.01.2011;Nein;30242;1;Presse&Buch Prio 2000g;17;Presse&Buch Prio 2000g;17;keine;0;PRIORITY;;;;140;90;0;600;600;600;1001;2000;0;0;1;1;1;0;1;1;;181802000;;;;;;;;Presse & Buch International Priority;oder Höchstmaße: L+B+H max 900 mm, dabei keine Seite länger als 600 mm;17,00 Euro nach UStG Umsatzsteuerfrei. Mit Presse&Buch Prio 2000g versenden Sie Zeitungen, Zeitschriften und Büchersendungen. Bitte beachten Sie die Kennzeichnungspflicht der Sendung. ;http://www.deutschepost.de/presse_international
01.01.2014;Nein;30247;1;Presse&Buch Prio 2000g Einschreiben;19,15;Presse&Buch Prio 2000g;17;EINSCHREIBEN;2,15;PRIORITY;;;;140;90;0;600;600;600;1001;2000;0;0;1;1;1;0;1;1;;181802000;1095;;;;;;;Presse & Buch International Priority;oder Höchstmaße: L+B+H max 900 mm, dabei keine Seite länger als 600 mm;19,15 Euro nach UStG Umsatzsteuerfrei. Presse&Buch Prio 2000g, nachgewiesene Übergabe an Empfänger, Sendungsverfolgung per T&T, Haftung, Einlieferung über die Filialen der Deutschen Post. Bitte beachten Sie die Kennzeichnungspflicht der Sendung. ;http://www.deutschepost.de/einschreiben_international
